"","Feature.ID","LNTcon1","LNTcon2","LNTcon3","LNTfh1","LNTfh2","LNTfh3","LNTreg1","LNTreg2","LNTreg3","LNTfr1","LNTfr2","LNTfr3","SpleenTcon1","SpleenTcon2","SpleenTcon3","SpleenTfh1","SpleenTfh2","SpleenTfh3","SpleenTreg1","SpleenTreg2","SpleenTreg3","SpleenTfr1","SpleenTfr2","SpleenTfr3","BloodTcon1","BloodTcon2","BloodTcon3","BloodTfh1","BloodTfh2","BloodTfh3","BloodTreg1","BloodTreg2","BloodTreg3","BloodTfr1","BloodTfr2","BloodTfr3","EZH2EXP_F_p_Treg_1","EZH2EXP_F_p_Treg_2","EZH2EXP_F_p_Treg_3","EZH2EXP_F_p_Tfr_1","EZH2EXP_F_p_Tfr_2","EZH2EXP_F_p_Tfr_3","BlimpEXP_F_p_Treg_1","BlimpEXP_F_p_Treg_2","BlimpEXP_F_p_Treg_3","BlimpEXP_F_p_Treg_4","BlimpEXP_F_p_Tfr_1","BlimpEXP_F_p_Tfr_2","BlimpEXP_F_p_Tfr_3","BlimpEXP_F_p_Tfr_4","FoxDownFoxP_Tfr_1","FoxDownFoxP_Tfr_2","FoxDownFoxP_Tfr_3","FoxDownFoxMTfr_1","FoxDownFoxMTfr_2","FoxDownFoxMTfr_3","FoxDown_Tfh_1","FoxDown_Tfh_2","FoxDown_Tfh_3","HDM_OVA_Tcon_1","HDM_OVA_Tcon_2","HDM_OVA_Tfh_1","HDM_OVA_Tfh_2","HDM_OVA_Tfr_1","HDM_OVA_Tfr_2","HDM_Tfh_1","HDM_Tfh_2","HDM_Tfr_1","HDM_Tfr_2","FoxF_CreN_Tcon_1","FoxF_CreN_Tcon_2","FoxF_CreN_Tcon_3","FoxF_CreN_Tcon_4","FoxF_CreN_Treg_1","FoxF_CreN_Treg_2","FoxF_CreN_Treg_3","FoxF_CreN_Treg_4","FoxF_CreN_ICOS_1","FoxF_CreN_ICOS_2","FoxF_CreN_ICOS_3","FoxF_CreN_ICOS_4","FoxF_CreN_Tfr_1","FoxF_CreN_Tfr_2","FoxF_CreN_Tfr_3","FoxF_CreN_Tfr_4","rfTestPred","X1","X2"
"3272","Asf1b",0,0,14.214,53.93,102.023,82.025,2.32,9.279,0,96.354,140.837,125.713,9.392,8.191,5.049,34.864,28.54,54.747,18.458,0,6.102,44.01,68.282,56.392,7.21,8.931,12.776,29.621,22.341,36.885,17.896,7.327,5.648,27.343,1.094,25.117,24.5486909944,47.9676497246,67.4261989604,153.2334068234,240.1666400051,120.373201233,14.8412149019,17.9861555655,23.5731577577,2.9197165539,47.0502327105,82.3069901082,71.2291464997,81.063752957,41.935690085,4.0888992111,54.8310697329,8.0532434438,13.8856705954,7.3914200396,42.3766506756,53.1069292214,25.2146555142,12.4259378,25.3945076,76.1376825,69.6462788,60.8804749,3.9211227,45.3373046,65.3428793,98.6263373,140.925574,26.0986725563,16.733307062,1.1032498431,0,19.4412137722,8.0764761527,12.0999588601,0,148.8429454424,153.3778522381,95.8583731153,204.5742618551,98.8473221965,24.0750103245,109.2817954229,86.1735166953,"2",0,1
"3497","Aurka",0.698,8.865,0,20.592,27.296,32.564,6.961,1.547,0,79.048,47.538,68.453,0,4.095,5.807,13.427,10.183,18.964,0,0,2.219,15.751,61.987,26.027,1.109,1.726,1.17,16.721,10.473,17.463,0.597,0,0,12.817,18.596,15.908,0,14.5018475912,0,43.2611465174,50.494399577,73.1101038163,0,8.1755252571,0,0,17.5654202119,47.53558787,54.2976280694,49.9483730341,3.0684651282,25.3511751087,16.5025549681,13.8055601894,25.1677779542,1.4782840079,19.4372240702,25.130957578,11.76683924,7.30937515,0,21.7536236,21.6547254,15.5185524,36.2703849,32.0317913,28.2162433,62.4837665,93.6740582,0,13.3866456496,16.5487476459,0,0,1.0095595191,16.4999439002,23.0094787548,79.7372922013,48.5812201659,78.5947798528,89.4721145243,41.3093286791,16.66731484,44.2514312452,54.0020704624,"2",0,1
"3499","Aurkb",0,0,0.29,22.43,36.058,30.875,0.58,0,3.73,86.064,47.982,166.182,1.24,0,6.059,40.164,18.931,36.461,12.129,7.807,1.109,24.553,45.521,41.451,6.24,2.718,5.758,45.626,26.298,54.512,1.193,5.073,0,35.034,90.791,26.792,11.7406783017,1.1155267378,2.0432181503,64.2852551053,105.6563486948,53.1709845937,13.7811281231,0,0,2.9197165539,90.3364468041,33.0108249097,37.3661096392,31.1153799229,12.7852713674,50.7023502175,26.0846836593,28.7615837278,0.8678544122,0,45.703743084,39.5140842421,26.4753882899,0,0,44.7868721,55.0147077,25.0684308,54.8957177,55.6860372,2.97013088,79.636173,102.378285,0,2.5099960593,0,0,0,22.2103094199,0,5.7523696887,29.9014845755,71.483795387,81.7749154538,108.57813898,85.5693236925,14.8153909689,98.1227388481,35.6183869007,"2",0,1
"3937","Birc5",30.711,2.032,0.29,93.398,94.946,104.144,15.662,7.733,6.394,163.241,269.678,257.884,3.544,6.143,4.292,54.769,48.762,107.801,7.383,1.041,27.737,127.398,119.615,81.937,8.042,8.327,7.738,159.809,64.93,61.53,10.141,17.473,14.685,70.922,176.113,149.028,77.9154105475,39.6011991912,7.4917998845,199.7290315851,191.3695311701,177.9751012095,51.9442521565,0,54.320754833,0,213.9217247235,210.82913509,171.6505661549,232.5465236342,89.4968995717,147.2003715992,135.2144826422,121.9491150061,69.4283529772,97.566744523,85.1035216047,108.2685908234,82.5779968091,0.73093752,26.9816644,110.047743,107.395732,217.259734,204.878661,137.490304,100.489428,169.686307,343.609709,21.205171452,4.1833267655,15.4454978029,20.6693659328,11.4360081013,57.5448925879,0,49.4703793228,375.4297507811,407.3882319628,285.7578990025,368.6064718163,231.6273072367,246.3058748581,263.969407254,233.2429851885,"2",0,1
"4864","Cdca3",29.315,15.514,0,77.709,86.521,74.959,0.58,1.031,0.533,123.483,149.722,186.848,2.126,12.03,7.069,27.09,17.784,33.074,17.403,2.082,7.766,61.614,100.244,77.599,12.341,4.185,4.319,58.525,47.941,26.93,31.02,0.564,0,47.851,56.881,83.724,1.6010015866,0.5577633689,27.9239813876,144.7429014321,226.1639913829,94.5261948333,7.4206074509,0,38.9469562954,23.3577324313,139.2686888229,86.2682890974,90.4960467824,164.5839832763,62.6478297002,49.8845703753,127.7617158824,135.7546751954,56.410536794,1.4782840079,62.5143152529,98.7852106053,59.8848068463,12.4259378,0.79357836,99.8107435,54.7220762,47.7493921,71.5604892,104.472919,38.6117014,70.4473838,156.261593,2.4467505522,3.3466614124,1.1032498431,16.0761735033,24.0156170127,32.3059046108,38.4998691004,4.601895751,158.1456295326,142.2735733431,110.8504409485,205.506263048,88.5199900267,70.3731071023,120.0560569435,137.8776267124,"2",0,1
"4869","Cdca8",0,0.185,0.29,65.942,79.276,79.107,0.58,2.578,8.525,124.886,195.039,222.581,15.948,10.239,4.544,24.499,46.897,84.886,13.711,2.602,7.766,71.806,84.263,84.347,6.24,4.617,9.087,69.274,26.996,56.96,10.738,16.346,28.241,44.433,37.191,151.54,2.1346687821,20.637244649,5.4485817342,121.292934161,239.317994634,117.4192576444,0,0.8175525257,17.4236383427,2.9197165539,167.4988284492,169.4555678698,113.2660198437,117.0920876045,49.3511474781,49.0667905331,102.7417131888,57.5231674557,23.4320691298,45.8268042456,77.5737861541,115.381125987,79.8464091284,1.46187503,0,44.7868721,36.8715594,96.692519,129.397049,109.400887,74.7482938,158.047174,197.710291,0,0,0,2.2965962148,1.1436008101,24.2294284581,23.0999214603,0,166.1193587527,123.5351027076,119.0279324939,329.9284223084,172.6139805522,111.1154322668,138.1414244959,171.1980531679,"2",0,1
"4902","Cdk1",0,2.032,5.802,63.368,65.207,60.828,20.302,6.186,0,123.015,211.033,148.531,2.126,3.84,5.049,33.568,55.646,63.665,12.657,8.328,28.846,90.8,94.917,49.162,6.656,4.574,0.18,91.012,51.665,37.538,33.406,2.818,5.083,46.142,135.639,93.771,15.4763486704,0,2.0432181503,148.3816894569,156.5750709574,199.3911922264,8.4806942296,7.3579727314,0,8.7591496618,31.366821807,143.4870522742,173.9859480074,91.7084881938,77.4787444864,42.5245517953,121.9059705712,112.7454082132,26.9034867787,122.6975726577,107.6927279566,110.323323204,72.4921346034,10.2331252,0,63.3414334,57.9410219,114.598541,121.554804,101.023342,76.728381,105.977369,157.505054,8.9714186912,4.1833267655,17.651997489,0,41.1696291646,0,0,0,254.4948576091,170.0342705807,195.3511869175,198.0502535043,128.3539855388,124.0788993646,148.9156860165,190.7307169522,"2",0,1
"5240","Cit",0.698,0.369,0,76.728,46.504,63.132,0,0.516,1.066,86.532,99.963,71.037,1.418,3.584,10.099,39.575,54.785,34.993,0,0,23.853,49.106,44.069,61.212,4.298,2.805,6.568,49.448,38.865,39.007,9.545,3.945,0,0,41.567,0.837,8.005007933,39.0434358224,9.5350180348,90.5653908402,68.3159523689,104.8649973931,15.9013016806,13.898392937,27.6728373678,29.1971655392,80.926400262,124.5608459926,72.980682889,132.649777566,38.3558141022,45.7956711642,14.9055335196,111.594944864,53.8069735573,23.6525441268,73.0209228584,37.6174081985,55.262120002,1.46187503,7.14220527,85.7348694,67.8904903,164.735403,136.259014,92.6457964,112.369952,155.59683,149.629801,0,9.2033188841,0,0,12.5796089114,22.2103094199,3.29998878,0,64.454311196,99.9385100556,117.6650172363,142.5961825231,218.3493087326,29.6307819378,67.7239295579,81.5775958048,"2",0,1
"5255","Cks1b",0,15.145,19.725,80.16,71.357,63.285,0.58,11.342,21.313,114.596,119.511,152.406,6.734,10.495,21.46,67.137,62.673,45.039,10.02,0,0.555,107.941,59.081,90.131,16.362,6.515,12.596,65.691,39.33,52.064,10.141,7.891,0,53.832,113.762,53.583,49.6310491844,10.03974064,17.7078906361,216.3057325871,114.9914477763,141.7892922499,0,0,5.1245995125,64.2337641862,59.5969614332,80.9865571118,43.2045642703,18.0141673238,31.7074729911,63.786827693,62.2838364927,127.7014317516,91.1247132826,103.4798805547,58.4867823374,117.1197456937,55.6823642606,4.38562509,0,30.710998,44.4799764,126.535889,53.9154371,67.0203633,31.1863742,69.8347978,97.4044411,9.7870022086,0,0,50.5251167245,25.1592178228,0,13.1999551202,33.3637441944,184.724726933,116.5949283982,114.4848816354,220.8842827319,119.5019865361,42.5942490356,92.7356080878,190.7307169522,"2",0,1
"5256","Cks2",0,13.298,6.382,104.919,78.434,56.68,0,3.093,7.992,114.128,153.721,92.993,0,9.983,5.807,31.566,33.846,76.646,5.801,0,1.664,44.937,185.476,115.194,15.391,8.241,13.496,97.223,36.538,36.396,8.948,2.255,17.51,91.43,3.282,50.234,0.5336671955,17.8484278045,1.3621454335,76.818858302,166.3344927244,219.330311449,36.0429504759,0,3.0747597075,0,23.8387845733,3.9612989892,146.5452112411,76.1507982323,36.8215815381,41.7067719531,63.3485174584,25.3101936805,137.9888515422,7.3914200396,52.3579279009,38.2496335464,22.2729457042,12.4259378,0.79357836,7.03793704,19.313674,101.467458,78.4224539,49.7724757,73.2632283,121.292017,133.879296,0,0,11.0324984306,0,0,37.3537022062,0,4.601895751,319.6136462402,142.967590774,149.4663732462,111.3741425589,174.0893137193,107.4115845246,159.3051524827,83.8755562501,"2",0,1
"23294","Hmmr",0,0,0,44.86,22.915,48.078,0,0,28.772,50.048,102.184,114.52,3.898,0.256,1.262,14.134,25.098,17.497,22.676,0,0,27.333,30.993,57.838,0.416,1.424,3.419,38.459,42.123,18.769,0,5.636,9.037,98.266,32.816,82.887,0,1.6732901067,21.1132542199,80.4576463268,98.8671857265,81.971934582,0,15.5334979884,18.4485582452,26.2774489853,75.2803723367,102.9937737183,91.0798922455,106.4473523678,21.2235504699,30.257854162,33.5374504191,26.4606570296,78.1068970994,31.0439641664,63.3898658867,55.6358306129,33.4094185563,0.73093752,1.58715673,77.4173074,80.4736415,96.692519,42.152069,92.1529996,169.792482,132.318564,164.965819,0,0.8366653531,3.3097495292,0,8.0052056709,13.1242737481,0,0,94.3557957715,157.5419568238,60.8768815045,167.7602147331,75.2419915227,179.636615498,66.569544395,179.2409147261,"2",0,1
"24535","Kif11",0,5.541,1.74,55.401,58.804,53.301,6.961,1.547,0,76.242,99.519,240.663,0,17.406,2.02,26.619,42.308,47.297,10.02,13.012,0,25.48,45.521,79.527,8.32,3.711,1.53,105.584,43.752,3.917,27.441,2.818,8.472,65.795,42.661,10.047,10.1396767151,0,21.7943269367,117.6541461362,109.89957555,64.2482730507,0,24.5265757712,0,0,70.8890172837,96.8317530685,86.4091285406,93.3461397686,34.2645272646,46.6134510064,6.3880857941,9.2037067929,50.3355559085,20.6959761109,44.1277519432,47.7330137645,57.5734634241,0,0,62.0618084,61.452599,87.1426406,19.6056135,57.1644276,61.8777266,82.0865167,93.6740582,0,15.0599763558,8.8259987445,0,16.0104113418,29.2772260535,19.7999326802,5.7523696887,78.4083373313,171.4223054426,121.2994579232,150.9841932598,82.6186573583,68.5211832312,91.9660179792,88.4714771405,"2",0,1
"25063","Lig1",13.96,11.082,0.29,139.484,109.099,143.775,32.484,23.199,22.911,168.854,188.819,255.732,7.62,25.341,2.777,65.606,55.646,61.407,19.512,47.363,23.299,75.975,93.464,71.816,32.169,13.332,20.784,67.602,34.909,44.067,23.861,13.527,32.76,152.953,50.318,129.772,20.2793534302,29.0036951823,13.6214543354,196.8988631213,191.3695311701,195.6987627407,63.6052067222,45.7829414395,32.7974368803,17.5182993235,292.3387792409,163.29354722,176.905175323,252.1983425328,91.2868375631,130.8447747548,124.5676729854,44.8680706154,42.5248661985,131.5672767052,86.5044026188,105.265520421,76.2743329305,35.8159382,54.7569071,127.962492,124.075724,119.37348,185.273047,101.516139,94.0541445,190.514229,244.54732,21.205171452,11.7133149434,31.9942454488,25.2625583623,50.3184356456,17.1625118245,28.5999027603,14.9561611906,196.6853207632,263.7266237579,177.6332885691,327.598419326,199.1699775602,59.2615638756,193.1671172617,105.7061804795,"2",0,1
"27940","Ncaph",40.483,4.802,14.504,45.105,44.651,55.144,0,5.671,5.861,48.645,79.97,125.713,3.721,0,2.02,36.866,26.245,40.411,0,7.287,4.993,37.524,56.66,56.392,0,3.322,5.848,12.661,64.93,14.852,16.106,3.945,4.519,12.817,10.939,109.678,3.2020031732,11.1552673778,0,33.9620215651,39.4620097535,106.3419691874,15.9013016806,0,11.2741189276,0,62.7336436139,58.9793405053,63.6391554792,99.0779202808,18.6664961964,60.5157083241,61.7514960098,51.7708507101,82.4461691604,16.2611240872,42.9019810559,31.6112673937,33.8296628149,0,0,41.5878098,64.0862818,83.5614362,35.2901043,41.8877271,27.7212215,86.3746184,63.0020215,0,0,7.7227489014,4.5931924295,0,0,25.2999139803,5.7523696887,132.2310095671,57.6034467682,69.5086781357,106.2481359976,33.9326628436,35.1865535512,69.2631097751,93.0673980309,"2",0,1
"36282","Tpx2",0.698,5.356,0.29,63.491,58.636,66.665,0,2.578,3.73,126.29,87.523,134.754,4.076,3.84,0,34.511,19.648,40.186,26.895,0.52,0.555,25.48,39.71,26.509,2.773,2.416,1.26,36.548,12.102,19.585,2.983,16.346,2.824,27.343,0,3.349,26.149692581,30.1192219201,45.6318720237,84.0964343516,154.4534575298,119.6347153358,0,0,17.4236383427,0,88.4544374956,62.0603508302,60.7199281637,101.5343976431,47.049798632,38.4356525842,53.2340482843,18.4074135858,28.6391956031,5.9131360317,47.4548443516,43.6235490033,51.0596774163,8.04031267,9.52294037,70.3793704,44.7726078,168.316607,112.732278,44.351711,98.014319,93.1130638,104.45072,0,5.8566574717,1.1032498431,0,25.1592178228,46.439737878,1.09999626,0,101.0005701216,156.8479393928,91.7696273426,135.1401729794,116.5513202019,14.8153909689,74.2654454811,99.9612793665,"2",0,1
"37145","Uhrf1",0.698,0.185,6.962,71.948,59.899,78.492,5.221,0,0.533,84.661,100.407,172.64,4.43,9.215,2.272,31.331,40.444,23.705,3.692,3.643,4.993,33.355,24.698,43.861,9.568,1.898,6.838,22.216,11.171,16.484,24.458,15.782,33.325,38.452,8.751,13.396,21.8803550168,0,26.5618359541,129.7834395523,221.9207645276,162.4668973697,0,8.9930777828,27.6728373678,14.5985827696,150.5607446734,73.9442477977,77.0676011308,185.0546279624,26.8490698715,26.9867347932,31.9404289706,79.3819710889,49.4677014963,69.4793483724,49.381055746,63.6967037983,25.2146555142,0.73093752,13.4908322,56.9433088,40.6757679,64.4616793,79.4027346,31.0461977,21.7809598,48.3942897,148.800827,13.0493362781,12.5499802965,0,9.186384859,9.148806481,12.114714229,30.7998952804,11.5047393774,239.2118766039,128.3932247242,127.6597291251,261.8923352222,72.2913251885,105.5596606535,132.7542937356,63.1939122432,"2",0,1
"4097","Bub1b",39.785,6.28,0.29,30.152,26.79,25.652,6.961,0,9.058,67.822,82.192,131.31,0.532,10.239,9.341,21.201,21.082,32.397,5.801,0,6.657,43.084,61.987,15.424,1.109,4.185,8.548,20.305,23.505,21.054,8.948,7.327,6.213,0.854,32.816,69.491,2.1346687821,1.1155267378,0,123.3144830637,64.9213708848,38.401266651,2.1201735574,1.6351050514,1.0249199025,0,120.4485957388,29.4896702527,78.235292057,112.9979586673,32.4745892732,19.6267162132,1.0646809657,25.3101936805,7.8106897099,131.5672767052,44.30286207,39.8301969161,25.0045333849,0,0.79357836,48.6257468,37.7494537,102.661193,110.771716,67.5131601,54.9474213,101.689267,63.0020215,12.2337527608,0,18.7552473321,64.304694013,0,2.0191190382,40.6998616205,18.4075830038,80.4017696363,96.4684229009,84.500745969,151.9161944527,98.8473221965,55.5577161334,72.3414702096,120.6429233734,"2",0.001,0.999
"4682","Ccnf",31.409,5.171,0,31.868,33.109,31.182,8.121,2.578,0,39.758,65.753,49.51,6.025,0,0,9.305,20.078,17.384,0.527,0,0,20.384,36.805,16.869,4.437,4.617,4.499,21.499,8.611,22.523,5.369,7.327,0.565,30.761,0,7.535,0,0,20.4321815032,51.7516519087,46.6754954073,51.6940127994,14.8412149019,12.2632878856,0,0,37.6401861684,30.3699589169,36.1984187129,66.324888783,16.3651473503,13.0844774755,29.8110670392,98.9398480238,19.0927970687,7.3914200396,26.6167392673,16.7539717187,24.5842891264,1.46187503,0,43.5072472,32.1894566,28.6496353,27.4478589,41.3949303,29.7013088,52.6823913,40.6197244,0,1.6733307062,0,0,5.7180040506,0,0,5.7523696887,58.4740142809,97.8564577628,63.6027120196,71.764091858,72.2913251885,44.4461729067,65.0303641777,44.8102286815,"2",0.001,0.999
"4833","Cdc20",0,4.063,0,36.526,45.409,41.32,0,0.516,2.131,52.855,70.641,106.34,0.354,18.942,3.282,19.199,39.009,32.284,12.129,11.971,0,74.586,20.824,45.789,2.773,4.832,0.99,13.616,20.48,48.147,1.193,11.273,0.565,2.563,85.322,12.559,2.6683359777,13.9440842223,18.3889633528,104.3119233784,37.7647190114,187.5754178722,0,0,18.4485582452,0,60.8516343055,53.6976085198,85.2414376144,77.7884498072,8.1825736751,55.6090292708,54.29872925,113.8958715623,14.7535250077,0,22.9394266054,79.1862248212,36.5612504956,0.73093752,0,42.2276222,37.1641908,85.9489058,21.5661748,37.9453528,80.6885555,108.427712,122.27366,0,0,0,2.2965962148,5.7180040506,25.2389879772,0,0,101.0005701216,100.6325274866,87.6808815699,110.4421413659,33.9326628436,114.819280009,103.5098696083,72.385754024,"2",0.001,0.999
"4867","Cdca7",13.96,7.018,3.771,69.374,85.258,70.505,31.324,6.702,15.452,56.596,138.171,117.964,4.607,15.614,18.43,31.566,71.995,41.653,25.841,33.831,49.371,64.394,60.534,58.32,13.034,16.87,12.956,10.988,13.265,33.295,20.879,43.4,11.861,3.418,15.314,0,83.2520825028,13.9440842223,10.2160907516,98.6515864509,141.7237769641,221.5457691404,23.3219091315,29.4318909254,9.2242791226,0,26.3481303179,124.5608459926,137.7875292944,32.7530314978,31.1960621364,0.8177798422,23.955321728,72.4791909942,28.6391956031,0,27.4922899011,46.3105067318,34.0397849442,16.8115628,0.79357836,46.066497,81.6441672,89.5301102,41.1717883,106.936903,52.967334,58.1956649,92.0161103,15.4960868303,0,36.4072448211,27.559154577,1.1436008101,16.1529523054,59.3997980407,78.2322277662,118.9414608669,116.5949283982,94.9497629436,143.5281837161,115.0759870348,57.4096400045,110.0513855316,101.1102595891,"2",0.001,0.999
"5037","Cep55",0,0,0,19.488,25.105,7.219,0,3.609,4.795,48.645,84.413,51.663,0,0.256,0,5.771,5.88,23.592,11.075,0,0,19.92,16.949,19.761,0,0.777,4.499,32.487,0,11.098,0,0,0,0,0,0,0,11.1552673778,0,43.2611465174,15.2756166788,0,3.1802603361,0,9.2242791226,0,30.7394853708,27.7290929242,27.4407367663,15.5576899614,13.5523876494,9.8133581066,19.1642573824,0,29.5070500153,0,10.5066076055,20.073154795,35.3005177199,0.73093752,0,10.2369993,28.0926167,38.1995137,11.7633681,4.4351711,48.0171159,38.5929146,43.5211332,0.8155835174,0,0,0,2.2872016203,0,0,0,58.4740142809,80.5060219892,73.5974239084,46.6000596481,20.6546643396,18.5192387111,60.0280284718,6.8938813356,"2",0.001,0.999
"5246","Ckap2",5.584,0.369,0,33.094,17.692,4.608,0,5.671,0,36.484,31.988,45.205,0,11.263,0,26.03,21.799,28.785,0,0,0,23.627,18.887,21.689,0,2.977,2.249,8.122,7.447,10.119,0,0,0,21.362,15.314,76.189,0,13.3863208534,0,12.1292934161,67.8916296834,39.1397525481,1.0600867787,12.2632878856,0,0,20.0747659565,36.5319795667,17.5153638934,44.216592522,21.9906667519,22.0800557399,8.5174477255,0,23.4320691298,13.3045560713,11.3821582393,23.8665068822,24.5842891264,0,10.3165187,28.7915606,33.9452451,52.5243313,15.6844908,26.6110266,29.206287,12.2517189,61.3440735,0,0,0,4.5931924295,0,33.3154641298,0,0,42.5265558407,67.3196908014,26.8040000654,54.5220697882,35.4079960107,42.5942490356,40.4034807021,58.5979913528,"2",0.001,0.999
"6329","Dctpp1",0,2.77,13.634,67.903,91.408,85.405,33.064,24.23,29.838,91.677,149.722,114.95,6.734,29.692,17.42,32.037,28.827,51.699,6.856,0,44.933,53.739,62.955,62.658,3.189,10.139,17.185,42.998,14.429,17.953,23.265,15.218,12.426,45.288,117.044,59.444,17.077350257,9.4819772711,25.8807632373,86.1179832543,148.937262618,213.422424272,13.7811281231,1.6351050514,36.8971164903,52.5548979705,47.6775691466,58.0990518411,113.8498653069,69.6001919328,38.8672249568,58.8801486397,69.7366032525,48.3194606628,94.5961309315,0,46.7544038446,38.7238025573,37.1916168835,24.8518755,1.58715673,31.9906229,59.9894419,52.5243313,71.5604892,39.4237431,68.3130102,55.1327351,74.607657,0.8155835174,2.5099960593,40.8202441933,0,8.0052056709,17.1625118245,32.9998878004,27.6113745057,112.2966865168,124.2291201386,149.920678332,111.8401431554,138.6813177086,109.2635083957,75.419830644,78.130655137,"2",0.001,0.999
"22913","H1f0",16.054,22.348,7.832,100.874,97.81,130.104,13.922,10.31,8.525,158.564,137.283,131.741,10.987,19.198,34.588,88.22,96.376,127.781,40.607,31.749,42.16,146.855,101.213,184.118,21.908,17.863,17.995,78.591,60.974,48.473,34.599,90.746,18.074,55.541,67.82,126.423,48.0300475978,11.1552673778,24.5186178038,97.8429668899,156.9993936429,131.45048969,49.8240785991,35.9723111311,59.4453543456,2.9197165539,89.0817739318,91.990165415,96.3345014135,99.0779202808,146.0077990155,174.1871063923,108.0651180172,98.9398480238,190.0601162751,54.6965082932,149.3689381252,230.2880829631,170.198924721,41.6634384,3.96789182,99.8107435,89.2525842,161.154198,115.67312,95.1097803,72.2731847,73.5103135,86.2132925,17.9428373824,9.2033188841,13.2389981168,11.4829810738,16.0104113418,32.3059046108,25.2999139803,29.9123223812,116.9480285619,163.7881137023,141.7431867866,130.0141664181,82.6186573583,129.6346709779,119.2864668349,165.4531520549,"2",0.001,0.999
"22967","H2afx",73.288,33.615,59.466,116.563,106.488,168.812,59.747,29.9,26.108,241.353,205.257,231.192,56.174,49.146,50.242,87.631,120.327,128.345,54.845,42.679,29.955,125.081,129.3,157.127,40.073,39.867,42.198,148.821,53.992,105.923,31.616,54.673,51.964,53.832,68.914,95.445,61.9053946816,73.6247646936,29.967199538,296.7633789139,103.9590579527,112.2498563645,24.3819959102,31.0669959768,126.0651480087,67.1534807401,137.3866795145,207.7481247651,211.9359031097,172.7722411507,86.4284344435,132.4803344392,138.9408660221,176.0208924144,98.0675485803,121.2192886497,100.6883228863,101.9463373447,102.7497212205,13.1568753,39.6789182,145.87724,128.172564,128.923359,122.535084,58.6428179,121.775366,140.282182,157.090567,34.2545077301,64.4232321889,20.9617470182,9.186384859,50.3184356456,49.4684164352,17.5999401602,49.4703793228,196.0208433282,221.3915604704,208.9803394931,250.7083209067,197.6946443931,144.4500619469,205.4805589995,225.2001236303,"2",0.001,0.999
"24553","Kif22",0.698,0.739,7.542,61.162,28.981,26.266,4.641,2.578,6.927,44.435,131.951,155.419,3.544,12.286,0.252,41.224,32.556,37.589,0,0,4.438,50.033,54.238,0.482,4.16,8.327,4.679,49.687,12.334,32.968,0,10.146,5.083,18.799,29.534,79.538,0,0,17.0268179193,57.4119888362,68.3159523689,64.9867589479,14.8412149019,19.6212606169,1.0249199025,49.6351814166,56.4602792525,66.0216498194,44.9561006596,58.1366309085,41.168573803,17.9911565288,42.0548981446,0,21.6963603054,34.0005321822,34.146474718,35.088506807,30.2575866171,0,0,39.0285599,42.138925,39.3932485,17.6450521,17.2478876,35.1465487,75.3480713,113.154946,5.7090846217,6.6933228248,0,0,0,2.0191190382,7.6999738201,0,88.3754988564,74.9538825417,101.7643392314,160.3042051894,28.0313301751,22.2230864534,61.1824136347,56.3000309076,"2",0.001,0.999
"25430","Mad2l1",18.846,0,28.138,44.125,30.834,33.793,0,12.888,3.197,70.161,81.303,103.756,16.303,7.679,2.272,29.21,27.393,25.285,6.328,8.328,8.321,40.767,35.352,21.689,9.706,7.076,8.908,45.387,4.189,16.158,0,8.455,0.565,21.362,57.975,1.674,13.8753470838,13.3863208534,0,82.88350501,12.3053578801,119.6347153358,0,0,0,29.1971655392,15.6834109035,44.8947218772,75.3160647415,13.9200383866,27.6161861536,62.1512680085,33.5374504191,29.912047077,0.8678544122,1.4782840079,18.0363430561,44.8879996991,43.495280762,6.57843764,14.2844105,37.748935,20.1915682,32.2308397,34.3098236,54.2076468,24.2560688,60.6460086,54.7122818,0,14.2233110027,34.2007451349,0,13.7232097215,48.4588569161,3.29998878,20.7085308793,51.1647624958,70.7897779561,107.2160002617,61.046078139,97.3719890294,55.5577161334,66.9543394493,56.3000309076,"2",0.001,0.999
"25687","Mcm3",25.825,34.538,30.748,116.441,129.066,107.37,65.548,23.199,7.992,239.95,192.373,303.52,20.201,35.324,21.965,65.37,65.111,73.937,26.895,20.819,46.597,65.32,133.659,107.965,37.715,36.373,32.661,40.848,46.545,48.963,68.601,52.982,24.852,131.591,54.693,51.909,67.2420666369,46.2943596179,4.7675090174,164.9583904589,227.8612821249,160.9899255754,68.9056406157,55.593571748,56.370594638,26.2774489853,140.5233616952,138.6454646208,90.4960467824,263.6619035571,122.7386051269,80.9602043795,76.6570295295,109.2940181658,120.6317632979,103.4798805547,116.2731241678,118.7003090634,120.3999800804,43.8562509,28.5688211,143.317991,113.540992,224.422143,136.259014,149.810224,116.330126,180.100268,192.736447,29.3610066258,39.3232715958,16.5487476459,16.0761735033,18.297612962,25.2389879772,72.5997531608,56.3732229492,200.0077079382,180.4445320449,183.9935597711,351.3644497465,181.4659795548,237.0462555025,213.5612551399,71.2367738014,"2",0.001,0.999
"25691","Mcm6",26.523,57.81,49.023,165.223,195.705,168.044,52.206,64.956,84.185,357.353,316.772,329.782,53.87,80.118,77.761,181.623,163.065,169.095,102.835,47.363,82.1,155.657,250.368,175.442,88.881,64.116,67.931,158.376,102.166,98.742,53.092,71.582,37.843,122.191,30.628,75.351,44.8280444246,50.1987032002,153.9224339904,232.4781238085,304.2393655188,214.8993960662,44.5236447056,26.9792333483,62.5201140531,26.2774489853,262.8539667424,246.9209703246,257.4758492324,289.8643287553,207.6328070063,236.3383744009,158.1051234045,217.4375729825,109.3496559391,204.0031930935,222.7400812371,319.7479696873,186.1682065467,88.4434393,80.9449931,159.313302,206.012522,315.145988,226.444836,201.06109,167.812395,284.852465,496.555406,93.7921044991,56.8932440109,69.504740113,59.7115015835,83.4828591393,110.0419875804,73.6997494209,167.9691949098,408.6536225316,349.7847851947,196.2597970892,379.7904861318,379.1606239479,146.301985818,248.9624001361,237.8389060789,"2",0.001,0.999
"27936","Ncapd2",0.698,13.298,22.336,98.546,83.404,67.74,4.641,2.578,24.509,229.66,170.159,185.126,28.707,24.573,21.208,93.638,65.111,86.467,53.263,24.983,44.933,99.602,73.125,59.766,15.807,15.533,24.653,68.797,33.28,32.152,45.337,40.582,46.881,29.907,68.914,46.048,29.8853629497,26.7726417068,25.8807632373,116.036907014,131.5400325116,130.7120037929,8.4806942296,25.3441282969,36.8971164903,0,37.0128497322,77.9055467869,75.3160647415,90.0708366189,29.406124145,49.0667905331,38.3285147647,32.2129737752,39.9213029619,56.1747923011,39.3997785207,58.4808446784,44.3357692792,5.11656261,13.4908322,28.1517482,62.0378618,77.5927621,95.0872254,37.9453528,53.9573776,71.6725557,104.865207,22.8363384867,7.5299881779,16.5487476459,36.745539436,1.1436008101,51.4875354734,25.2999139803,57.5236968869,223.2644181636,143.661608205,173.0902377106,197.5842529078,67.8653256872,120.3750516224,124.2888025409,109.1531211473,"2",0.001,0.999
"27939","Ncapg2",0,3.509,0,30.029,36.732,17.357,1.74,7.733,0,56.596,79.526,96.007,7.443,0.512,0.252,12.838,20.795,32.058,0,6.766,0.555,20.384,15.497,23.135,3.189,1.898,8.638,29.143,15.592,15.505,7.158,22.546,0,33.325,31.722,36.838,0,22.8682981245,23.837545087,41.2395976147,108.2022848079,93.7877089361,20.1416487954,0,24.5980776602,0,95.9824747293,98.592330397,25.6892003769,52.4048503964,20.4564341878,8.1777984222,27.149364625,1.1504633491,7.8106897099,35.4788161902,31.8700430701,19.5989857841,37.1916168835,2.19281255,7.93578364,42.2276222,69.9389103,74.0115577,36.2703849,6.40635826,89.5989482,43.4936022,67.9758653,0,0.8366653531,0,0,13.7232097215,11.1051547099,1.09999626,18.4075830038,63.789833761,100.6325274866,69.0543730499,200.8462570832,76.7173246898,18.5192387111,71.1870850466,43.6612484589,"2",0.001,0.999
"27975","Ndc80",22.336,10.712,4.931,25.985,29.234,39.63,0,3.609,1.066,29.468,45.317,43.483,4.784,0.768,7.322,11.543,19.792,46.281,0,7.287,0,13.435,39.226,39.523,4.16,7.076,4.949,15.527,25.134,14.362,0,8.455,8.472,120.482,24.065,56.932,0,0,0,59.0292279583,82.3186009911,48.0015833138,28.622343025,0,0,2.9197165539,83.4357460065,40.4932785559,44.9561006596,0,17.1322636323,17.9911565288,54.29872925,29.912047077,22.5642147176,38.435384206,40.2753291545,37.4593518615,40.3434488228,0,0.79357836,69.7395579,61.7452304,128.923359,58.8168404,25.625433,71.7781629,48.3942897,75.8511179,0,16.733307062,9.9292485876,13.7795772885,27.446419443,4.0382380763,17.5999401602,0,53.1581948009,40.9470284256,59.9682713328,99.7241276469,75.2419915227,46.2980967778,40.0186856478,51.7041100172,"2",0.001,0.999
"28634","Odc1",23.034,12.005,7.542,299.681,241.282,330.251,100.352,57.739,42.625,394.304,474.935,485.632,50.326,20.221,52.009,133.214,118.175,132.522,113.382,37.995,96.523,289.077,287.173,353.295,26.345,32.231,44.088,43.953,61.672,84.542,65.619,44.528,63.825,129.882,21.877,136.47,58.1697243129,7.2509237956,79.0044351455,284.6340854978,428.5659123765,443.830024178,64.6652935009,13.0808404113,1.0249199025,58.3943310783,275.4006954652,227.1144753788,198.5074574581,260.3866004073,500.9269321741,569.1747701834,429.0664291718,201.3310860949,210.8886221683,152.2632528161,594.6739904726,531.3854048882,536.0215518066,38.7396883,13.4908322,86.3746819,264.538807,410.644772,233.3068,97.5737643,56.4324867,116.39133,189.006064,49.7505945604,13.3866456496,16.5487476459,41.3387318655,64.0416453671,63.6022497024,87.999700801,92.0379150191,273.1002257894,185.9966714924,226.6982378414,223.2142857143,247.8559720749,53.7057922623,304.3728879561,251.6266687502,"2",0.001,0.999
"30810","Plk1",25.825,1.108,5.802,53.44,51.138,51.611,0.58,11.857,0,60.806,74.639,153.697,10.809,3.072,2.777,27.915,27.536,46.733,0.527,8.328,23.853,34.282,39.226,34.221,2.773,4.876,1.53,57.092,53.061,35.743,11.931,0.564,11.861,30.761,0,61.956,16.0100158659,7.2509237956,0,71.1585213744,147.6642945614,81.2334486848,0,0,5.1245995125,0,119.8212593026,62.0603508302,76.4837556677,151.4827706772,17.3879690596,22.8978355821,53.7663887672,5.7523167456,22.5642147176,4.4348520238,64.0903063937,28.4501406543,57.9937076827,1.46187503,0,62.0618084,57.9410219,81.1739666,85.2844186,71.4555345,78.7084683,45.9439459,131.392374,1.6311670348,10.8766495903,12.1357482737,0,0,0,7.6999738201,12.6552133151,176.7509977129,137.4154513265,80.8663052821,190.1282433642,107.6993211992,44.4461729067,91.5812229249,72.385754024,"2",0.001,0.999
"32991","Rrm2",0,1.847,4.061,124.163,149.117,102.455,4.06,2.062,8.525,167.918,251.463,303.089,3.544,4.351,15.653,72.084,41.304,76.759,33.224,8.848,9.43,66.71,25.666,87.239,7.349,9.967,6.568,55.42,29.789,71.812,29.23,33.818,17.51,62.377,105.011,99.631,0,32.3502753957,4.0864363006,201.3462707072,287.2664580979,325.6722806365,0,35.9723111311,20.4983980502,0,171.262847066,166.814701877,185.0790118065,201.4311437113,87.4512561529,124.3025360171,115.517884777,34.5139004734,96.3318397559,8.8697040475,111.8953709988,127.8675766075,44.5458914085,0,8.729362,154.194802,103.006261,244.715634,194.095573,121.22801,51.4822686,232.170073,315.424594,8.1558351738,3.3466614124,0,4.5931924295,13.7232097215,34.3250236489,18.6999364202,0,317.6202139352,351.1728200565,290.3009498611,417.5365344468,315.7212977621,266.6770374403,237.8033435612,372.2695921235,"2",0.001,0.999
"34233","Smco4",13.262,35.277,39.161,312.061,248.022,284.938,1.16,24.745,0.533,263.337,241.688,183.834,48.199,34.556,29.287,313.541,200.353,315.389,72.248,41.638,31.065,242.751,281.362,178.816,32.724,47.116,43.188,156.226,197.117,131.057,28.634,52.982,34.454,55.541,77.665,40.187,16.5436830615,8.9242139023,6.8107271677,242.1815585414,154.8777802153,99.6955961132,57.24468605,26.1616808226,0,43.7957483088,136.7593430784,117.0783923464,216.6066668146,90.0708366189,52.4196126063,57.2445889552,75.5923485638,6.9027800947,83.3140235727,41.3919522219,86.6795127456,69.2286755922,110.524240004,2.92375006,35.7110264,146.517053,174.408329,100.273723,75.4816119,201.553887,191.573442,76.5732432,121.859173,82.3739352557,46.8532597737,45.2332435656,78.0842713015,34.3080243038,44.4206188398,4.3999850401,49.4703793228,213.9617340735,178.362479752,222.1551869829,151.9161944527,185.8919790562,109.2635083957,155.0724068854,213.7103214042,"2",0.001,0.999
"35250","Tacc3",8.376,3.879,2.031,65.697,68.24,53.915,0.58,5.671,22.911,141.257,135.95,113.658,18.429,0.256,17.42,27.679,34.277,41.089,3.692,15.094,3.883,34.745,82.81,68.924,17.055,9.622,10.617,35.115,57.716,21.217,9.545,16.909,27.677,63.232,44.849,66.979,33.6210333184,23.4260614934,0,61.8593964221,132.3886778826,57.6018999765,32.8626901398,48.2355990166,66.6197936631,35.036598647,200.1203231285,116.1981036822,143.6259839256,115.4544360296,37.8444032475,12.2666976333,65.4778793897,26.4606570296,28.6391956031,23.6525441268,40.2753291545,73.8123093643,45.1762577963,24.120938,4.76147018,49.2655593,89.8378471,91.9175798,138.219575,97.5737643,69.7980757,142.732525,150.873262,38.332425317,10.8766495903,11.0324984306,2.2965962148,1.1436008101,12.114714229,82.499719501,40.2665878209,138.8757839173,145.0496430668,106.30739009,152.3821950492,184.4166458891,133.3385187202,106.9730250971,63.1939122432,"2",0.001,0.999
"37002","Ube2c",4.188,4.802,6.382,84.328,60.995,58.524,2.9,0,9.058,181.015,203.48,306.103,0.177,0,14.138,28.975,55.215,62.423,2.109,0,0,88.02,65.377,40.005,0.277,4.574,9.627,161.72,83.781,49.452,13.124,1.127,0,8.545,99.542,92.096,20.8130206257,87.011085547,9.5350180348,96.2257277677,134.5102913103,78.2795050963,15.9013016806,0,12.2990388301,29.1971655392,58.9696249971,154.0505162453,66.5583827948,162.127505914,89.4968995717,179.0937854456,164.4932091986,155.3125521304,48.5998470841,88.6970404754,70.394270957,103.3688443774,59.4645625877,2.19281255,15.0779889,83.815432,97.4462641,102.661193,92.1463834,82.7898606,56.4324867,239.521105,160.406463,0.8155835174,0,33.0974952919,0,0,3.0286785573,19.7999326802,0,273.1002257894,204.7351421278,192.6253564023,248.3783179242,146.0579835441,246.3058748581,215.4852304114,51.7041100172,"2",0.001,0.999
"718","2700094K13Rik",14.658,39.525,81.222,96.952,119.125,114.282,46.985,44.335,25.042,98.693,128.397,206.221,23.036,58.617,60.34,66.077,85.763,99.109,23.731,31.229,16.642,100.065,81.358,64.104,43.678,56.134,50.566,114.9,39.796,48.147,46.53,13.527,28.241,21.362,88.603,65.305,52.299385162,62.4694973158,52.4425991914,125.7403417469,176.0939144913,107.8189409817,42.4034711481,16.3510505141,5.1245995125,99.2703628332,116.0572406858,52.3771755234,140.70675661,60.5931082709,68.7847599565,107.9469391727,41.5225576618,101.240774722,50.3355559085,45.8268042456,63.7400861402,70.6511826249,49.5888225113,63.5915638,58.7247989,79.9765573,91.0083728,102.661193,176.450521,135.519117,60.3926612,177.649924,202.684135,49.7505945604,13.3866456496,80.5372385436,6.8897886443,68.6160486076,31.2963450917,14.2999513802,20.7085308793,145.5205582674,231.8018219346,230.7869836141,205.506263048,256.7079710776,61.1134877467,139.2958096588,164.3041718323,"2",0.002,0.998
"3208","Arpc4",151.463,146.279,180.429,364.153,409.86,412.891,207.664,178.887,158.246,362.498,368.753,385.319,214.948,231.139,220.659,336.98,294.148,368.782,180.357,224.845,193.601,300.659,310.902,292.565,156.685,183.503,148.189,276.859,157.321,248.568,153.309,180.365,159.846,301.633,498.803,417.782,86.454085676,426.6889772014,261.5319232404,390.9675577789,511.3088360532,258.4700639972,251.2405665528,109.5520384446,321.824849388,84.6717800636,284.1834055711,367.9606616602,568.6654810711,339.8127017894,372.3071022182,425.2455179531,330.0510993629,330.1829811957,459.0949840619,193.655205038,378.5880940523,435.6032646853,379.0603212305,133.761565,166.651456,294.313731,363.155597,353.345501,279.379992,236.049662,284.637543,300.167113,254.080521,101.9479396729,123.8264722591,182.0362241053,165.354927462,161.2477142279,251.3803202525,238.6991884228,262.3080578044,432.574810192,376.8514650014,423.8666451023,494.4266328661,404.2412877888,483.3521303606,447.1318531037,304.4797589899,"2",0.002,0.998
"4668","Ccna2",18.846,5.356,16.244,92.295,109.942,130.718,3.48,6.702,12.255,160.435,258.127,296.631,0.532,8.447,40.648,62.425,56.219,68.857,3.692,6.766,4.438,25.943,169.011,133.51,18.026,9.794,19.255,75.963,32.349,63.978,38.775,2.255,14.685,3.418,50.318,14.233,76.3144089609,21.7527713867,76.2801442784,276.9521996676,170.153396894,163.2053832668,43.4635579269,62.1339919536,1.0249199025,32.1168820931,148.0513989289,98.592330397,142.4582929993,194.0617116243,88.7297832897,77.6890850107,97.4183083604,74.7801176924,28.6391956031,8.8697040475,89.6563849005,83.7698585933,3.3619540686,6.57843764,7.93578364,154.834615,100.079947,225.615878,82.3435766,97.0809675,66.332923,253.610582,196.46683,2.4467505522,0.8366653531,5.5162492153,0,21.7284153924,2.0191190382,2.19999252,11.5047393774,245.192173519,310.9198090619,235.7843395585,413.8085296749,219.8246418998,177.7846916269,151.9940464509,190.7307169522,"2",0.002,0.998
"4925","Cdk6",15.356,11.451,6.962,107.616,136.732,83.254,40.605,31.447,33.567,108.983,139.504,179.098,8.86,6.911,2.777,72.202,70.991,54.86,14.766,9.369,4.438,49.106,110.414,66.996,10.815,22.825,8.908,38.459,36.538,69.038,18.493,70.455,59.307,0.854,31.722,30.141,36.8230364916,0,17.7078906361,122.5058635026,53.0403356902,115.203799953,21.2017355741,22.0739181941,36.8971164903,122.6280952645,104.1378483991,44.0144332129,56.6330099219,195.6993631992,35.7987598287,105.4935996461,73.4629866324,74.7801176924,9.5463985344,20.6959761109,87.5550633794,66.8578305377,108.6331408405,27.7756256,15.8715673,110.687555,83.6925872,100.273723,39.211227,43.3661175,67.8179884,65.5466962,144.24147,5.7090846217,19.2433031213,36.4072448211,2.2965962148,49.1748348355,26.2485474962,45.0998466605,9.2037915019,116.9480285619,125.6171550005,75.4146442519,162.1682075753,61.9639930187,116.6712038802,73.1110603182,65.4918726884,"2",0.002,0.998
"4943","Cdkn2c",0,8.496,0.29,68.639,70.43,58.216,25.523,3.093,0,115.999,125.731,128.727,19.847,7.935,9.594,47.938,50.483,49.442,21.622,23.942,1.109,72.269,11.138,83.865,10.399,10.744,2.969,49.448,22.574,40.149,19.089,5.636,0,37.597,0,14.233,6.9376735419,0,0,51.7516519087,44.5538819797,46.5246115195,0,0,0,0,27.6028031901,54.1377528519,34.4468823236,7.369432087,45.0041552132,11.448917791,73.9953271152,1.1504633491,21.6963603054,31.0439641664,58.1365620839,65.277267168,73.9629895084,17.5425004,0,21.7536236,77.5473273,81.1739666,91.1661027,53.2220532,33.6614833,28.1789535,28.1851149,0.8155835174,5.8566574717,0,11.4829810738,8.0052056709,0,9.8999663401,0,69.7701306761,92.3043183153,94.4954578578,98.3261258574,72.2913251885,94.4481174268,48.0993817883,73.5347342466,"2",0.002,0.998
"5006","Cenpf",1.396,0,0.29,49.886,29.992,48.539,0,0.516,0,136.112,43.984,162.308,4.607,14.59,6.564,27.561,48.762,43.233,0,0,22.189,32.429,51.333,47.234,2.219,2.977,12.057,91.49,64.465,33.621,13.124,14.091,8.472,67.504,53.599,3.349,0,12.2707941156,0,104.716233159,133.6616459392,112.2498563645,3.1802603361,12.2632878856,50.221075223,5.8394331078,161.852800524,110.9163716966,124.3590836429,210.4382273732,77.223039059,43.3423316375,67.0749008383,52.9213140592,102.4068206414,29.5656801585,93.5088076892,108.7427598343,63.6670051734,2.19281255,22.2201942,132.441179,95.6904755,119.37348,149.982943,113.343262,164.842264,175.812166,236.25758,4.0779175869,0,1.1032498431,64.304694013,61.7544437468,11.1051547099,0,0,136.8823516122,146.4376779287,142.1974918725,225.5442886967,135.7306513743,68.5211832312,140.834989876,86.1735166953,"2",0.002,0.998
"5247","Ckap2l",0,6.464,0.29,32.113,36.479,40.705,0,1.031,0,49.113,87.523,62.426,0.709,0,0,17.196,23.951,29.01,0,0,0,25.943,46.006,9.64,6.378,0.388,0,16.005,6.284,12.894,9.545,0,16.945,6.836,0,0,31.4863645363,2.7888168445,0,9.7034347329,43.7052366087,96.7416525247,0,8.9930777828,35.8721965878,0,41.4042047852,36.0918352346,29.1922731556,13.1012125991,28.6390078629,30.257854162,7.4527667598,31.0625104261,11.2821073588,20.6959761109,28.0176202814,30.8209857089,38.2422275299,8.77125018,1.58715673,58.2229337,64.0862818,63.2679445,22.5464555,63.5707858,61.3827048,78.4110011,59.6861256,0,5.8566574717,0,2.2965962148,0,0,0,5.7523696887,59.138491716,103.4085972103,59.0596611611,119.2961526991,13.277998504,0,36.9403252134,86.1735166953,"2",0.002,0.998
"5734","Crmp1",2.792,0.185,3.481,24.759,33.109,31.95,8.701,11.857,20.247,67.354,50.648,89.119,3.19,0,0.252,16.136,14.055,31.607,3.692,7.287,0.555,43.084,14.528,35.185,0.139,2.373,1.26,51.598,2.56,30.683,11.334,3.945,0.565,19.653,28.441,18.419,0,4.4621069511,0,48.5171736644,29.7025879865,11.8157743542,0,0,0,0,74.6530359006,35.6516909025,42.0368733441,16.3765157489,8.4382791025,4.9066790533,13.8408525539,0,5.2071264733,1.4782840079,34.146474718,21.3376054908,49.1685782527,0,0,5.75831212,40.090505,62.0742097,113.712558,11.8271229,43.5619196,45.9439459,57.6136907,0,0.8366653531,1.1032498431,0,21.7284153924,24.2294284581,0,14.9561611906,99.6716152516,34.0068541161,88.1351866558,92.2681181032,50.1613276818,44.4461729067,65.415159232,6.8938813356,"2",0.002,0.998
"6268","Dbf4",16.054,19.762,40.321,67.903,34.541,44.238,13.342,21.652,17.583,60.338,87.523,61.565,38.985,19.198,19.188,41.224,16.063,31.72,8.965,11.971,18.861,42.157,26.151,29.883,10.815,19.675,26.363,50.881,32.349,35.09,35.792,0,22.028,9.399,0,41.025,11.7406783017,0,1.3621454335,40.8352878342,32.6728467851,59.0788717708,74.2060745093,9.8106303085,23.5731577577,72.9929138479,5.0186914891,85.3880004331,77.0676011308,51.586024609,34.5202326919,70.3290664307,55.8957506986,35.6643638225,35.5820309008,60.6096443249,38.6993380137,25.289013915,40.7636930813,36.5468758,8.729362,78.6969324,49.1620792,40.5869833,48.033753,36.4669624,65.3428793,69.2222119,126.833017,26.0986725563,31.7932834179,23.1682467043,2.2965962148,0,19.1816308626,12.0999588601,0,114.9545962569,79.8120045583,60.4225764187,81.5501043841,51.6366608489,27.7788580667,53.8713076029,50.5551297946,"2",0.002,0.998
"7590","Fabp5",3.49,1.108,0.29,67.658,50.295,82.332,14.502,8.764,17.583,192.709,252.795,374.987,15.594,0,0,18.845,44.029,7.789,32.696,10.41,42.16,53.275,74.578,135.438,5.408,5.566,2.339,23.41,0.465,10.282,11.334,6.2,2.259,1.709,4.375,45.211,64.5737306592,11.1552673778,0.6810727168,235.7126020528,238.469349263,353.7347447276,1.0600867787,35.1547586054,29.7226771728,58.3943310783,81.5537366981,130.2827223103,75.8999102046,196.5181889866,35.287348974,1.6355596844,78.254050978,16.1064868876,49.4677014963,56.1747923011,24.1651974927,21.1795491538,22.0628235749,38.7396883,2.38073509,17.2749364,77.5473273,138.473237,212.720906,7.88474863,25.2461125,74.7354854,218.020153,3.2623340695,0,3.3097495292,2.2965962148,16.0104113418,37.3537022062,70.3997606408,97.7902847078,207.9814371584,226.943699918,159.0067800491,227.4082910826,199.1699775602,366.6809264805,234.3401880724,186.1347960618,"2",0.002,0.998
"24540","Kif15",0,4.617,0,79.915,37.995,48.232,0,3.609,0,117.87,106.627,145.087,9.923,0,29.792,15.783,33.846,63.891,12.657,10.93,0,73.659,17.434,65.55,10.122,2.718,4.139,62.108,20.014,60.877,0,40.018,0.565,45.288,17.502,0,25.6160253855,0.5577633689,0,141.9127329683,149.785907989,103.3880255989,1.0600867787,4.9053151542,14.3488786351,2.9197165539,110.4112127605,88.0288664259,92.2475831717,108.0850039426,87.4512561529,40.8889921109,47.9106434559,59.8240941539,163.1566294965,147.8284007924,118.0242254354,125.338675216,109.4736293576,27.7756256,0.79357836,51.1849967,84.5704814,162.347933,100.968909,62.5851922,137.616064,107.202541,132.221348,7.3402516565,17.5699724151,8.8259987445,0,28.5900202532,29.2772260535,0,3.4514218132,125.586235217,84.6701265749,106.30739009,117.4321503132,72.2913251885,187.0443109825,68.8783147208,40.2143077911,"2",0.002,0.998
"26613","Mis18bp1",0,0.185,2.901,15.444,55.013,53.915,0.58,4.124,0.533,47.242,83.525,74.05,0.177,2.56,2.525,21.437,22.947,33.751,1.055,15.094,0,16.214,30.025,48.68,5.269,4.574,0.45,46.82,8.378,9.629,0,24.237,1.694,0,64.538,1.674,8.5386751285,11.7130307467,17.0268179193,59.4335377389,42.0079458666,124.0656307187,0,0,1.0249199025,0,53.3235970718,43.5742888808,44.9561006596,122.0050423292,12.2738605127,7.36001858,10.6468096569,51.7708507101,13.8856705954,5.9131360317,20.6629949575,19.915098458,16.8097703428,2.19281255,0.79357836,86.3746819,34.8231394,124.148419,62.7379631,72.441128,37.6216578,53.2949773,39.3762634,8.9714186912,2.5099960593,1.1032498431,0,43.4568307848,14.1338332672,15.3999476402,9.2037915019,65.1187886311,106.1846669341,54.0623052167,64.7740829108,36.8833291778,24.0750103245,66.569544395,28.7245055651,"2",0.002,0.998
"1","0610005C13Rik",0,0,0,0,0,0,0,0,0,0,0,0,0,0,0,0.236,0,0,0,0,0,0,0,0,0,0,0,0,0,0,0,0,0,0,0,0,0,0,0,0,0,0,0,0,0,0,0,0,0,0,0,0,0,0,0,0,0,0.4741690109,0,0,0,0,0,0,0,0.49279679,0,0,0,0,0,0,0,0,0,0,0,0,0,0,0,0,0,0,0,"1",1,0
"4","0610008F07Rik",0,0,0,0,0,0,0,0,0,0,0,0,0,0,0,0,0,0,0,0,0,0,0,0,0,0,0,0,0,0,0,0,0,0,0,0,0,0,0,0,0,0,0,0,0,0,0,0,0,0,0,0,0,0,0,0,0,0,0,0,0,0,0,0,0,0,0,0,0,0,0,0,0,0,0,0,0,0,0,0,0,0,0,0,0,"1",1,0
"5","0610009B14Rik",0,0,0,0,0,0,0,0,0,0,0,0,0,5.375,0,0,0,0,0,0,0,0,0,0,0,0,0,0,0,0,0,0,0,0,0,0,0,0,0,0,0,0,0,0,0,0,0,0,0,0,0,0,0,0,0,0,0,0,0,0,0,0,0,0,0,0,0,0,0,0,0,0,0,0,0,0,0,0,0,0,0,0,0,0,0,"1",1,0
"14","0610012D04Rik",0,0,0,0,0,0,0,0,0,0,0,0,0,0,0,0,0,0,0,0,0,0,0,0,0,0,0,0,0,0,0,0,0,0,0,0,0,0,0,0,0,0,0,0,0,0,0,0,0,0,0,0,0,0,0,0,0,0,0,0,0,0,0,0,0,0,0.49502181,0,0,0,0,0,0,0,0,0,0,0,0,0,0,0,0,0,0,"1",1,0
"16","0610012H03Rik",0,0,0,0,0,0,0,0,0,0,0,0,0,0,0,0,0,0,0,0,0,0,0,0,0,0,0,0,0,0,0,0,0,0,0,0,0,0,0,0,0,0,0,0,0,0,0,0,0,0,0,0,0,0,0,0,0,0,0,0,0,0,0,0,0,0,0,0,0,0,0,0,0,0,0,0,0,0,0,0,0,0,0,0,0,"1",1,0
"17","0610025J13Rik",0,0,0,0,0,0,0,0,0,0,0,0,0,0,0,0,0,0,0,0,0,0,0,0,0,0,0,0,0,0,0,0,0,0,0,0,0,0,0,0,0,0,0,0,0,0,0,0,0,0,0,0,0,0,0,0,0,0,0,0,0,0,0,0,0,0,0,0,0,0,0,0,0,0,0,0,0,0,0,0,0,0,0,0,0,"1",1,0
"21","0610038L08Rik",0,0.739,0,0.123,0.168,0,0,0,0,0,0,0,0.177,0.256,0,0,1.004,0.113,0,1.561,0,0.927,0,0,0.139,0,0,0.239,0.233,0.816,0,0,0,0,0,0,0,6.1353970578,0,0,0,0,0,0,3.0747597075,0,0,0,1.7515363893,0,0,7.36001858,0,0,0,0,0,0.7902816848,0,1.46187503,0,0,0,0,0,0,0,1.83775784,0,0.8155835174,3.3466614124,0,0,0,0,0,0,0,0,0,0,0,0,0.3847950543,0,"1",1,0
"22","0610038P03Rik",0,0,0,0,0,0,0,0,0,0,0,0,0,0,0,0,0,0,0,0,0,0,0,0,0,0,0,0,0,0,0,0,0,0,0,0,0,0,0,0,0,0,0,0,0,0,0,0,0,0,0,0,0,0,0,0,0,0,0,0,0,0,0,0,0,0,0,0,0,0,0,0,0,0,0,0,0,0,0,0,0,0,0,0,0,"1",1,0
"23","0610039K10Rik",0,0,0,0,0,0,0,0,0,0,0,0,0,0,0,0,0,0,0,0,0,0,0,0,0,0,0,0,0,0,0,0,0,0,0,0,0,0,0,0,0,0,0,0,0,0,0,0,0,0,0,0,0,0,0,0,0,0,0,0,0,0,0,0,0,0,0,0,0,0,0,0,0,0,0,0,0,0,0,0,0,0,0,0,0,"1",1,0
"24","0610040B09Rik",0,0,0,0,0,0,0,0,0,0,0,0,0,0,0,0,0,0,0,0,0,0,0,0,0,0,0.18,0,0,0,0,0,0,0,0,0,0,0,0,0,0,0,0,0,0,0,0,0,0,0,0,0,0,0,0,0,0,0,0,0,0,0,0,0,0,0,0,0,0,0,0,0,0,0,0,0,0,0,0,0,0,0,0,0,0,"1",1,0
"26","0610040F04Rik",0,0,0,2.574,0,0,0,0,0,0,0,0,0,0,0,0,0,0,0,0,0,0,0,0,0,0,0,0,0,0,0,0,0,0,0,0,0,0,0,0,0,0,0,0,0,0,0,0,8.7576819467,0,0,0,0,0,0,0,0,0,0,0,0,0,0,0,0,0,0,0,0,0,0,0,0,0,0,0,0,0,0,0,0,0,0,0,0,"1",1,0
"27","0610040J01Rik",0,0,0,0,0,0,0,0,0,0,0,0,0,0,0,0,0,0,0,0,0,0,0,0,0,0,0,0,0,0,0,0,0,0,0,0,0,0,0,0,0,0,0,0,0,0,0,0,0,0,0,0,0,0,0,0,0,0,0,0,0,0,0,0,0,0,0,0,0,0,0,0,0,0,0,0,0,0,0,0,0,0,0,0,0,"1",1,0
"29","1010001B22Rik",0,0,0,1.103,0,0,0,0,0,0,0,0,0,0,0,0,0,0,0,0,0,0,0,0,0,0,0.09,0,0,0,0,0,0,0,0,0,0,0,0,0,0,0,0,0,0,0,0,0,0,0,0,0,0,0,0,0,0,0.158056337,0,0,0,0,0,0,0,0,0,0,0,2.4467505522,3.3466614124,0,0,0,0,0,4.601895751,0,0,0.4543050859,0,0,0,0,0,"1",1,0
"31","1100001G20Rik",0,0,0,0,0,0,0,0,0,0,0,0,0,0,0,0,3.442,0,0,0,0,0,0,0,0,0,0,0,0,0,0,0,0,0,0,0,0,0,0,0,0,0,0,0,0,0,0,0,0,0,0,0,0,0,0,0,0,0,0,0,0,0,0,0,0,0,0,0,0,0,0,0,0,0,0,0,0,0,0,0,0,0,0,1.1543851629,0,"1",1,0
"34","1110002E22Rik",0,0,0,0,0,0,0,0,0,0,0,0,0,0,0,0,0,0,0,0,0,0,0,0,0,0,0,0,0,0,0,0,0,0,0,0,0,0,0,0,0,0,0,0,0,0,0,0,0,0,0,0,0,0,0,0,0,0,0,0,0,0,0,0,0,0,0,0,0,0,0,0,0,0,0,0,0,0,0,0,0,0,0,0,0,"1",1,0
"39","1110006G14Rik",0,0,0,0,0,0,0,0,0,0,0,0,0,0,0,0,0,0,0,0,0,0,0,0,0,0,0,0,0,0,0,0,0,0,0,0,0,0,0,0,0,0,0,0,0,0,0,0,0,0,0,0,0,0,0,0,0,0,0,0,0,0,0,0,0,0,0,0,0,0,0,0,0,0,0,0,0,0,0,0,0,0,0,0,0,"1",1,0
"41","1110008E08Rik",0,0,0,0,0,0,0,0,0,0,0,0,0,0,0,0,0,0,0,0,0,0,0,0,0,0,0,0,0,0,0,0,0,0,0,0,0,0,0,0,0,0,0,0,0,0,0,0,0,0,0,0,0,0,0,0,0,0,0,0,0,0,0,0,0,0,0,0,0,0,0,0,0,0,0,0,0,0,0,0,0,0,0,0,0,"1",1,0
"47","1110017D15Rik",0,0,0,0,0,0,0,0,0,0,0,0,0,0,0,0,0,0,0,0,0,0,0,0,0,0,0,0,0,0,0,0,0,0,0,0,0,0,0,0,0,0,0,0,0,0,0,0,0,0,0,0,0,0,0,0,0,0,0,0,0,0,0,0,0,0,0,0,0,0,0,0,0,0,0,0,0,0,0,0,0,0,0,0,0,"1",1,0
"48","1110018N20Rik",0,0,0,0,0,0,0,0,0,0,0,0,0,0,0,0,0,0,0,0,0,0,0,0,0,0,0,0,0,0,0,0,0,0,0,0,0,0,0,0,0,0,0,0,0,0,0,0,0,0,0,0,0,0,0,0,0,0,0,0,0,0,0,0,0,0,0,0,0,0,0,0,0,0,0,0,0,0,0,0,2.7960035789,0,0,0,0,"1",1,0
"51","1110025L11Rik",0,0,0,0,0,0,0,0,0,0,0,0,0,0,0,0,0,0,0,0,0,0,0,0,0,0,0,0,0,0,0,0,0,0,0,0,0,0,0,0,0,0,0,0,0,0,0,0,0,0,0,0,0,0,0,0,0,0,0,0,0,0,0,0,0,0,0,0,0,0,0,0,0,0,0,0,0,0,0,0,0,0,0,0,0,"1",1,0
"52","1110028F11Rik",0,0,0,0,0,0,0,0,0,0,0,0.861,0,0,0,0,0,0,0,0,0,0,0,0,0,0,0,0,0,0,0,0,0,0,0,0,0,0,0,0,0,0,0,0,0,0,0,0,0,0,1.2785271367,0,0,0,0,0,0,0,0,0,0,0,0,0,0,0,0,0,0,0,0,0,0,0,0,0,0,0,0,0,0,0,0,0.3847950543,0,"1",1,0
"57","1110035M17Rik",0,0,0,0,0,0,0,0,0,0,0,0,0,0,0,0,0,0,0,0,0,0,0,0,0,0,0,0,0,0,0,0,0,0,0,0,0,0,0,0,0,0,0,0,0,0,0,0,0,0,0,0,0,0,0,0,0,0,0,0,0,0,0,0,0,0,0,0,0,0,0,0,0,0,0,0,0,0,0,0,0,0,0,0,0,"1",1,0
"58","1110036E04Rik",0,0,0,0,0,0,0,0,0,0,0,0,0,0,0,0,0,0,0,0,0,0,0,0,0,0,0,0,0,0,0,0,0,0,0,0,0,0,0,0,0,0,0,0,0,0,0,0,0,0,0,0,0,0,0,0,0,0,0,0,0,0,0,0,0,0,0,0,0,0,0,0,0,0,0,0,0,0,0,0,0,0,0,0,0,"1",1,0
"62","1110046J04Rik",0,0,0,0,0,0,0,0,0,0,0,0,0,0,0,0,0,0,0,0,0,0,0,0,0,0,0,0,0,0,0,0,0,0,0,0,0,0,0,0,0,0,0,0,0,0,0,0,0,0,0,0,0,0,0,0,0,0,0,0,0,0,0,0,0,0,0,0,0,0,0,0,0,0,0,0,0,0,0,0,0,0,0,0.3847950543,0,"1",1,0
"66","1110057P08Rik",0,0,0,0,0,0,0,0,0,0,0,0,0,0,0,0,0,0,0,0,0,0,0,0,0,0,0,0,0,0,0,0,0,0,0,0,0,0,0,0,0,0,0,0,0,0,0,0,0,0,0,0,0,0,0,0,0,0,0,0,0,0,0,0,0,0,0,0,0,0,0,0,0,0,0,0,0,0,0,0,0,0,0,0,0,"1",1,0
"70","1110059M19Rik",0,0,0,0,0,0,0,0,0,0,0,0,0,0,0,0,0,0,0,0,0,0,0,0,0,0,0,0,0,0,0,0,0,0,0,0,0,0,0,0,0,0,0,0,0,0,0,0,0,0,0,0,0,0,0,0,0,0,0,0,0,0,0,0,0,0,0,0,0,0,0,0,0,0,0,0,0,0,0,0,0,0,0,0,0,"1",1,0
"73","1190003K10Rik",0,0,0,0,0,0,0,0,0,0,0,0,0,0,0,0,0,0,0,0,0,0,0,0,0,0,0,0,0,0,0,0,0,0,0,0,0,0,0,0,0,0,0,0,0,0,0,0,0,0,0,0,0,0,0,0,0,0,0,0,0,0,0,0,0,0,0,0,0,0,0,0,0,0,0,0,0,0,0,0,0,0,0,0,0,"1",1,0
"74","1190005I06Rik",0,0,0,0,0,0,0,0,0,0,0.444,0,0.354,0,0,0,0,0,0,0.52,0,0,0,0,0,0,0,0,0,0,0,0,0,0,0,0,0,0,0,0,0,0,0,0,0,0,0,0,0,0,0,0,0,0,0,0,0,0,0,0,0,0,0,0,0,0,0,0,0,0,0,0,0,0,0,0,0,0,0,0,0,0,0,0,0,"1",1,0
"76","1200007C13Rik",0,0,0,0,0,0,0,0,0,0,0,0,0,0,0,0,0,0,0,0,0,0,0,0,0,0,0,0,0,0.163,0,0,0,0,0,0,0,0,0,0,0,0,0,0,0,0,0,0,0,0,0,0,0,0,0,0,0,0,0,0,0,0,0,0,0,0,0,0,0,0,0,0,0,0,0,0,0,0,0,0,0,0,0,0,0,"1",1,0
"83","1500002O10Rik",0,0,0,0,0,0,0,0,0,0,0,0,0,0,0,0,0,0,0,0,0,0,0,0,0,0,0,0,0,0,0,0,0,0,0,0,0,0,0,0,0,0,0,0,0,0,0,0,0,0,0,0,0,0,0,0,0,0,0,0,0,0,0,0,0,0,0,0,0,0,0,0,0,0,0,0,0,0,0,0,0,0,0,0,0,"1",1,0
"84","1500009C09Rik",0,0,0,0,0,0,0,0,0,0,0,0,0,0,0,0,0,0,0,0,0,0,0,0,0,0,0,0,0,0,0,0,0,0,0,0,0,0,0,0,0,0,0,0,0,0,0,0,0,0,0,0,0,0,0,0,0,0,0,0,0,0,0,0,0,0,0,0,0,0,0,0,0,0,0,0,0,0,0,0,0,0,0,0,0,"1",1,0
"89","1500012K07Rik",0,0,0,0,0,0,0,0,0,0,0,0,0,0,0,0,0,0,0,0,0,0,0,0,0,0,0,0,0,0,0,0,0,0,0,0,0,0,0,0,0,0,0,0,0,0,0,0,0,0,0,0,0,0,0,0,0,0,0,0,0,0,0,0,0,0,0,0,0,0,0,0,0,0,0,0,0,0,0,0,0,0,0,0,0,"1",1,0
"90","1500015L24Rik",0,0,0,0,0,0,0,0,0,0,0,0,0,0,0,0,0,0,0,0,0,0,0,0,0,0,0,0,0,0,0,0,0,0,0,0,0,0,0,0,0,0,0,0,0,0,0,0,0,0,0,0,0,0,0,0,0,0,0,0,0,0,0,0,0,0,0,0,0,0,0,0,0,0,0,0,0,0,0,0,0,0,0,0,0,"1",1,0
"91","1500015O10Rik",0,0,0,0,0,0,0,0,0,0,0,0,0,0,0,0,0,0,0,0,0,0,0,0,0,0,0,0,0,0,0,0,0,0,0,0,0,0,0,0,0,0,0,0,0,0,0,0,0,0,0,0,0,0,0,0,0,0,0,0,0,0,0,0,0,0,0,0,0,0,0,0,0,0,0,0,0,0,0,0,0,0,0,0,0,"1",1,0
"92","1500016L03Rik",0,0,0,0,0,0,0,0,0,0,0,0,0,0,0,0,0,0,0,0,0,0,0,0,0,0,0,0,0,0,0,0,0,0,0,0,0,0,0,0,0,0,0,0,0,0,0,0,0,0,0,0,0,0,0,0,0,0,0,0,0,0,0,0,0,0,0,0,0,0,0,0,0,0,0,0,0,0,0,0,0,0,0,0,0,"1",1,0
"95","1500035N22Rik",0,0,0.58,0.123,0,0,0,0,0,0,0,0,0,0,0,0,0,0,0,0,0,0,0,0,0,0,0,0,0,0,0,0,0,0,0,0,0,0,0,0,0,0,0,0,0,0,0,0,0,0,0,0,0,0,0,0,0,0,0,0.73093752,0,0,0,0,0,0,0,0,0,0,0,0,0,0,0,0,0,0,0,0,0,0,0,0,0,"1",1,0
"96","1520401A03Rik",0,0,0,0,0,0,0,0,0,0,0,0,0,0,0,0,0,0,0,0,0,0,0,0,0,0,0,0,0,0,0,0,0,0,0,0,0,0,0,0,1.2729680566,0,0,0,0,0,0,0,0,0,0,0,0,0,0,0,0,0,0,0,0,0,0,0,0,0,0,0,0,0,0,0,0,0,0,0,0,0,0,0,0,0,0,0,0,"1",1,0
"97","1600002D24Rik",0,0,0,0,0,0,0,0,0,0,0,0,0,0,0,0,0,0,0,0,0,0,0,0,0,0,0,0,0,0,0,0,0,0,0,0,0,0,0,0,0,0,0,0,0,0,0,0,0,0,0,0,0,0,0,0,0,0,0,0,0,0,0,0,0,0,0,0,0,0,0,0,0,0,0,0,0,0,0,0,0,0,0,0,0,"1",1,0
"102","1600012P17Rik",0,0,0,0,0,0,0,0,0,0,0,0,0,0,0,0,0,0,0,0,0,0,0,0,0,0,0,0,0,0,0,0,0,0,0,0,0,0,0,0,0,0,0,0,0,0,0,0,0,0,0,0,0,0,0,0,0,0,0,0,0,0,0,0,0,0,0,0,0,0,0,0,0,0,0,0,0,0,0,0,0,0,0,0,0,"1",1,0
"104","1600014C23Rik",0,0,0,0,0,0,0,0,0,0,0,0,0,0,0,0,0,0,0,0,0,0,0,0,0,0,0,0,0,0,0,0,0,0,0,0,0,0,0,0,0,0,0,0,0,0,0,0,0,0,0,0,0,0,0,0,0,0,0,0,0,0,0,0,0,0,0,0,0,0,0,0,0,0,0,0,0,0,0,0,0,0,0,0,0,"1",1,0
"105","1600014K23Rik",0,0,0,0,0,0,0,0,0,0,0,0,0,0,0,0,0,0,0,0,0,0,0,0,0,0,0,0,0,0,0,0,0,0,0,0,0,0,0,0,0,0,0,0,0,0,0,0,0,0,0,0,0,0,0,0,0,0,0,0,0,0,0,0,0,0,0,0,0,0,0,0,0,0,0,0,0,0,0,0,0,0,0,0,0,"1",1,0
"106","1600015I10Rik",0,0,0,0,0,0,0,0,0,0,0,0,0,0,0,0,0,0,0,0,0,0,0,0,0,0,0,0,0,0,0,0,0,0,0,0,0,0,0,0,0,0,0,0,0,0,0,0,0,0,0,0,0,0,0,0,0,0,0,0,0,0,0,0,0,0,0,0,0,0,0,0,0,0,0,0,0,0,0,0,0,0,0,0,0,"1",1,0
"109","1600025M17Rik",0,0,0,0,0,0,0,0,0,0,0,0,0,0,0,0,0,0,0,0,0,0,0,0,0,0,0,0,0,0,0,0,0,0,0,0,0,0,0,0,0,0,0,0,0,0,0,0,0,0,0,0,0,0,0,0,0,0,0,0,0,0,0,0,0,0,0,0,0,0,0,0,0,0,0,0,0,0,0,0,0,0,0,0,0,"1",1,0
"111","1600029I14Rik",0,0,0,0,0,0,0,0,0,0,0,0,0,0,0,0,0,0,0,0,0,0,0,0,0,0.518,0,0,0,0,0,0,0,0,0,0,0,0,0,0,0,0,0,0,0,0,0,0,0,0,0,0,0,0,0,0,0,0,0,0,0,0,0,0,0,0,0,0,0,0,0,0,0,0,0,0,0,0,0,0,0,0,0,0,0,"1",1,0
"113","1700001C02Rik",0,0,0,0,0,0,0,0,0,0,0,0,0,0,0,0,0,0,0,0,0,0,0,0,0,0,0,0,0,0,0,0,0,0,0,0,0,0,0,0,0,0,0,0,0,0,0,0,0,0,0,0,0,0,0,0,0,0,0,0,0,0,0,0,0,0,0,0,0,0,0,0,0,0,0,0,0,0,0,0,0,0,0,0,0,"1",1,0
"114","1700001C19Rik",0,0,0,0,0,0,0,0,0,0,0,0,0,0,0,0,0,0,0,0,0,0,0,0,0,0.043,0,0,0,0,0,0,0,0,0,0,0,0,0,0,0,0,0,0,0,0,0,0,0,0,0,0,0,0,0,0,0.1751101268,0,0,0,0,0,0,0,0,0,0,0,0,0,0,0,0,0,0,0,0,0,0,0,0,0,0,0,0,"1",1,0
"115","1700001F09Rik",0,0,0,0,0,0,0,0,0,0,0,0,0,0,0,0,0,0,0,0,0,0,0,0,0,0,0,0,0,0,0,0,0,0,0,0,0,0,0,0,0,0,0,0,0,0,0,0,0,0,0,0,0,0,0,0,0,0,0,0,0,0,0,0,0,0,0,0,0,0,0,0,0,0,0,0,0,0,0,0,0,0,0,0,0,"1",1,0
"116","1700001G01Rik",0,0,0,0,0,0,0,0,0,0,0,0,0,0,0,0,0,0,0,0,0,0,0,0,0,0,0,0,0,0,0,0,0,0,0,0,0,0,0,0,0,0,0,0,0,0,0,0,0,0,0,0,0,0,0,0,0,0,0,0,0,0,0,0,0,0,0,0,0,0,0,0,0,0,0,0,0,0,0,0,0,0,0,0,0,"1",1,0
"120","1700001J04Rik",0,0,0,0,0,0,0,0,0,0,0,0,0,0,0,0,0,0,0,0,0,0,0,0,0,0,0,0,0,0,0,0,0,0,0,0,0,0,0,0,0,0,0,0,0,0,0,0,0,0,0,0,0,0,0,0,0,0,0,0,0,0,0,0,0,0,0,0,0,0,0,0,0,0,0,0,0,0,0,0,0,0,0,0,0,"1",1,0
"121","1700001K19Rik",0,0,0,0,1.516,4.147,4.641,0,0,0,0,0,0,0,0,0,0,0,0,0,0,0,0,0,1.664,0.777,0,0,1.862,0.163,8.948,0,0,0,0,0,0,0,0,0,0,0,0,0,0,0,0,0,0,0,0,0,0,0,0,0,0,0,0,0,0,0,0,0,0,1.47839037,0,0,0,0,0,0,0,0,0,0,0,0,0,0,0,0,0,0,0,"1",1,0
